Workbook

Sheet PANEL_CONTROL
A1: Nivel | B1: B2+ | C1: Skill | D1: Grammar | F1: AUDIOS | R1: Grammar
A2: Unidad | B2: 5 | C2: Número de audios | D2: 5 | F2: Número | G2: Subtítulo | H2: Introducción | I2: Estructura | J2: Ejemplo 1 | K2: Ejemplo 2 | L2: Ejemplo 3 | M2: Audio | R2: Listening
A3: Tema | B3: 2 | F3: 1 | G3: Verbo to be 0 | H3: Introducción to be 0 | I3: Sujeto + verbo + complemento + complemento | J3: Ejemplo 1Sujeto + verbo + complemento + complemento | K3: Ejemplo 2Sujeto + verbo + complemento + complemento | L3: Ejemplo 3Sujeto + verbo + complemento + complemento | M3: =IF(D$2>=1,CONCATENATE("AG",".",B$2,".",B$3,".",F3,".",B$1,".mp3")) -> AG.5.2.1.B2+.mp3 | R3: Reading
A4: Título en inglés | B4: VERB TOBE | F4: 2 | G4: Verbo to be 1 | H4: Introducción to be 1 | I4: Sujeto + verbo + complemento + complemento | J4: Ejemplo 1Sujeto + verbo + complemento + complemento | K4: Ejemplo 2Sujeto + verbo + complemento + complemento | L4: Ejemplo 3Sujeto + verbo + complemento + complemento | M4: =IF(D$2>=2,CONCATENATE("AG",".",B$2,".",B$3,".",F4,".",B$1,".mp3")) -> AG.5.2.2.B2+.mp3 | R4: Writing
A5: Título en español | B5: VERBO TO BE | F5: 3 | G5: Verbo to be 2 | H5: Introducción to be 2 | I5: Estructira 2 | J5: Ejemplo 1Estructira 2 | K5: Ejemplo 2Estructira 2 | L5: Ejemplo 3Estructira 2 | M5: =IF(D$2>=3,CONCATENATE("AG",".",B$2,".",B$3,".",F5,".",B$1,".mp3"),"") -> AG.5.2.3.B2+.mp3 | R5: Speaking
A6: Video | B6: https://www.youtube.com/watch?v=3sS18ldiM5U | F6: 4 | G6: Verbo to be 3 | H6: Introducción to be 3 | I6: Estructira 3 | J6: Ejemplo 1Estructira 3 | K6: Ejemplo 2Estructira 3 | L6: Ejemplo 3Estructira 3 | M6: =IF(D$2>=4,CONCATENATE("AG",".",B$2,".",B$3,".",F6,".",B$1,".mp3"),"") -> AG.5.2.4.B2+.mp3
A7: Audio de vocabulario | B7: =CONCATENATE("audios","/",PANEL_CONTROL!B$1,"/","Unidad_",B$2,"/","Tema_",D$2,"/",PANEL_CONTROL!D$1,"/",PANEL_CONTROL!M3) -> audios/B2+/Unidad_5/Tema_5/Grammar/AG.5.2.1.B2+.mp3 | F7: 5 | G7: Verbo to be 4 | H7: Introducción to be 4 | I7: Estructira 4 | J7: Ejemplo 1Estructira 4 | K7: Ejemplo 2Estructira 4 | L7: Ejemplo 3Estructira 4 | M7: =IF(D$2>=5,CONCATENATE("AG",".",B$2,".",B$3,".",F7,".",B$1,".mp3"),"") -> AG.5.2.5.B2+.mp3
A8: Vocabulario | B8: Inglés | C8: Español | F8: 6 | M8: =IF(D$2>=6,CONCATENATE("AG",".",B$2,".",B$3,".",F8,".",B$1,".mp3"),"")
A9: 1 | F9: 7 | M9: =IF(D$2>=7,CONCATENATE("AG",".",B$2,".",B$3,".",F9,".",B$1,".mp3"),"")
A10: 2 | F10: 8 | M10: =IF(D$2>=8,CONCATENATE("AG",".",B$2,".",B$3,".",F10,".",B$1,".mp3"),"")
A11: 3 | F11: 9 | M11: =IF(D$2>=9,CONCATENATE("AG",".",B$2,".",B$3,".",F11,".",B$1,".mp3"),"")
A12: 4 | F12: 10 | M12: =IF(D$2>=10,CONCATENATE("AG",".",B$2,".",B$3,".",F12,".",B$1,".mp3"),"")
A13: 5 | F13: 11 | M13: =IF(D$2>=11,CONCATENATE("AG",".",B$2,".",B$3,".",F13,".",B$1,".mp3"),"")
A14: 6
A15: 7
A16: 8
A17: 9
A18: 10
A19: Introducción general | B19: Esta es la intro general

Sheet Grammar
A1: Nivel | B1: Unidad | C1: Tema | D1: Título en inglés | E1: Título en español | F1: Video | G1: Audio de vocabulario | H1: Inglés 1 | I1: Español 1 | J1: Inglés 2 | K1: Español 2 | L1: Inglés 3 | M1: Español 3 | N1: Inglés 4 | O1: Español 4 | P1: Inglés 5 | Q1: Español 5 | R1: Inglés 6 | S1: Español 6 | T1: Inglés 7 | U1: Español 7 | V1: Inglés 8 | W1: Español 8 | X1: Inglés 9 | Y1: Español 9 | Z1: Inglés 10 | AA1: Español 10 | AB1: Introducción general
A2: =PANEL_CONTROL!B1 -> B2+ | B2: =PANEL_CONTROL!B2 -> 5 | C2: =PANEL_CONTROL!B3 -> 2 | D2: =PANEL_CONTROL!B4 -> VERB TOBE | E2: =PANEL_CONTROL!B5 -> VERBO TO BE | F2: =PANEL_CONTROL!B6 -> https://www.youtube.com/watch?v=3sS18ldiM5U | G2: =PANEL_CONTROL!B7 -> audios/B2+/Unidad_5/Tema_5/Grammar/AG.5.2.1.B2+.mp3 | H2: =PANEL_CONTROL!B9 -> 0 | I2: =PANEL_CONTROL!C9 -> 0 | J2: =PANEL_CONTROL!B10 -> 0 | K2: =PANEL_CONTROL!C10 -> 0 | L2: =PANEL_CONTROL!B11 -> 0 | M2: =PANEL_CONTROL!C11 -> 0 | N2: =PANEL_CONTROL!B12 -> 0 | O2: =PANEL_CONTROL!C12 -> 0 | P2: =PANEL_CONTROL!B13 -> 0 | Q2: =PANEL_CONTROL!C13 -> 0 | R2: =PANEL_CONTROL!B14 -> 0 | S2: =PANEL_CONTROL!C14 -> 0 | T2: =PANEL_CONTROL!B15 -> 0 | U2: =PANEL_CONTROL!C15 -> 0 | V2: =PANEL_CONTROL!B16 -> 0 | W2: =PANEL_CONTROL!C16 -> 0 | X2: =PANEL_CONTROL!B17 -> 0 | Y2: =PANEL_CONTROL!C17 -> 0 | Z2: =PANEL_CONTROL!B18 -> 0 | AA2: =PANEL_CONTROL!C18 -> 0 | AB2: =PANEL_CONTROL!B19 -> Esta es la intro general

Sheet Subtitulos
A1: Número | B1: Subtítulo | C1: Introducción | D1: Estructura | E1: Ejemplo 1 | F1: Ejemplo 2 | G1: Ejemplo 3 | H1: Audio
A2: 1 | B2: =PANEL_CONTROL!G4 -> Verbo to be 1 | C2: =PANEL_CONTROL!H4 -> Introducción to be 1 | D2: =PANEL_CONTROL!I4 -> Sujeto + verbo + complemento + complemento | E2: =PANEL_CONTROL!J4 -> Ejemplo 1Sujeto + verbo + complemento + complemento | F2: =PANEL_CONTROL!K4 -> Ejemplo 2Sujeto + verbo + complemento + complemento | G2: =PANEL_CONTROL!L4 -> Ejemplo 3Sujeto + verbo + complemento + complemento | H2: =IF(PANEL_CONTROL!M4="","",CALCULO!G2) -> audios/B2+/Unidad_05/Tema_02/Grammar/AG.5.2.2.B2+.mp3
A3: 2 | B3: =PANEL_CONTROL!G5 -> Verbo to be 2 | C3: =PANEL_CONTROL!H5 -> Introducción to be 2 | D3: =PANEL_CONTROL!I5 -> Estructira 2 | E3: =PANEL_CONTROL!J5 -> Ejemplo 1Estructira 2 | F3: =PANEL_CONTROL!K5 -> Ejemplo 2Estructira 2 | G3: =PANEL_CONTROL!L5 -> Ejemplo 3Estructira 2 | H3: =IF(PANEL_CONTROL!M5="","",CALCULO!G3) -> audios/B2+/Unidad_05/Tema_02/Grammar/AG.5.2.3.B2+.mp3
A4: 3 | B4: =PANEL_CONTROL!G6 -> Verbo to be 3 | C4: =PANEL_CONTROL!H6 -> Introducción to be 3 | D4: =PANEL_CONTROL!I6 -> Estructira 3 | E4: =PANEL_CONTROL!J6 -> Ejemplo 1Estructira 3 | F4: =PANEL_CONTROL!K6 -> Ejemplo 2Estructira 3 | G4: =PANEL_CONTROL!L6 -> Ejemplo 3Estructira 3 | H4: =IF(PANEL_CONTROL!M6="","",CALCULO!G4) -> audios/B2+/Unidad_05/Tema_02/Grammar/AG.5.2.4.B2+.mp3
A5: 4 | B5: =PANEL_CONTROL!G7 -> Verbo to be 4 | C5: =PANEL_CONTROL!H7 -> Introducción to be 4 | D5: =PANEL_CONTROL!I7 -> Estructira 4 | E5: =PANEL_CONTROL!J7 -> Ejemplo 1Estructira 4 | F5: =PANEL_CONTROL!K7 -> Ejemplo 2Estructira 4 | G5: =PANEL_CONTROL!L7 -> Ejemplo 3Estructira 4 | H5: =IF(PANEL_CONTROL!M7="","",CALCULO!G5) -> audios/B2+/Unidad_05/Tema_02/Grammar/AG.5.2.5.B2+.mp3
A6: 5 | H6: =IF(PANEL_CONTROL!M8="","",CALCULO!G6)
A7: 6 | H7: =IF(PANEL_CONTROL!M9="","",CALCULO!G7)
A8: 7 | H8: =IF(PANEL_CONTROL!M10="","",CALCULO!G8)
A9: 8 | H9: =IF(PANEL_CONTROL!M11="","",CALCULO!G9)
A10: 9
A11: 10

Sheet CALCULO
B1: Unidad | C1: Tema | D1: Skill | E1: Inicial | G1: Audios
A2: 1 | B2: =IF(PANEL_CONTROL!B2>9,PANEL_CONTROL!B2,CONCATENATE(0,PANEL_CONTROL!B2)) -> 05 | C2: =IF(PANEL_CONTROL!B2>9,PANEL_CONTROL!B3,CONCATENATE(0,PANEL_CONTROL!B3)) -> 02 | D2: Grammar | E2: G | F2: =LOOKUP(PANEL_CONTROL!D$1,D$2:D$6,E$2:E$6) -> G | G2: =CONCATENATE("audios","/",PANEL_CONTROL!B$1,"/","Unidad_",B$2,"/","Tema_",C$2,"/",PANEL_CONTROL!D$1,"/",PANEL_CONTROL!M4) -> audios/B2+/Unidad_05/Tema_02/Grammar/AG.5.2.2.B2+.mp3
A3: 2 | D3: Listening | E3: L | F3: =LOOKUP(PANEL_CONTROL!D$1,D$2:D$6,E$2:E$6) -> G | G3: =CONCATENATE("audios","/",PANEL_CONTROL!B$1,"/","Unidad_",B$2,"/","Tema_",C$2,"/",PANEL_CONTROL!D$1,"/",PANEL_CONTROL!M5) -> audios/B2+/Unidad_05/Tema_02/Grammar/AG.5.2.3.B2+.mp3
A4: 3 | D4: Reading | E4: R | F4: =LOOKUP(PANEL_CONTROL!D$1,D$2:D$6,E$2:E$6) -> G | G4: =CONCATENATE("audios","/",PANEL_CONTROL!B$1,"/","Unidad_",B$2,"/","Tema_",C$2,"/",PANEL_CONTROL!D$1,"/",PANEL_CONTROL!M6) -> audios/B2+/Unidad_05/Tema_02/Grammar/AG.5.2.4.B2+.mp3
A5: 4 | D5: Speaking | E5: S | F5: =LOOKUP(PANEL_CONTROL!D$1,D$2:D$6,E$2:E$6) -> G | G5: =CONCATENATE("audios","/",PANEL_CONTROL!B$1,"/","Unidad_",B$2,"/","Tema_",C$2,"/",PANEL_CONTROL!D$1,"/",PANEL_CONTROL!M7) -> audios/B2+/Unidad_05/Tema_02/Grammar/AG.5.2.5.B2+.mp3
A6: 5 | D6: Writing | E6: W | F6: =LOOKUP(PANEL_CONTROL!D$1,D$2:D$6,E$2:E$6) -> G | G6: =CONCATENATE("audios","/",PANEL_CONTROL!B$1,"/","Unidad_",B$2,"/","Tema_",C$2,"/",PANEL_CONTROL!D$1,"/",PANEL_CONTROL!M8) -> audios/B2+/Unidad_05/Tema_02/Grammar/
A7: 6 | G7: =CONCATENATE("audios","/",PANEL_CONTROL!B$1,"/","Unidad_",B$2,"/","Tema_",C$2,"/",PANEL_CONTROL!D$1,"/",PANEL_CONTROL!M9) -> audios/B2+/Unidad_05/Tema_02/Grammar/
A8: 7 | G8: =CONCATENATE("audios","/",PANEL_CONTROL!B$1,"/","Unidad_",B$2,"/","Tema_",C$2,"/",PANEL_CONTROL!D$1,"/",PANEL_CONTROL!M10) -> audios/B2+/Unidad_05/Tema_02/Grammar/
A9: 8 | G9: =CONCATENATE("audios","/",PANEL_CONTROL!B$1,"/","Unidad_",B$2,"/","Tema_",C$2,"/",PANEL_CONTROL!D$1,"/",PANEL_CONTROL!M11) -> audios/B2+/Unidad_05/Tema_02/Grammar/
A10: 9 | G10: =CONCATENATE("audios","/",PANEL_CONTROL!B$1,"/","Unidad_",B$2,"/","Tema_",C$2,"/",PANEL_CONTROL!D$1,"/",PANEL_CONTROL!M12) -> audios/B2+/Unidad_05/Tema_02/Grammar/
A11: 10 | G11: =CONCATENATE("audios","/",PANEL_CONTROL!B$1,"/","Unidad_",B$2,"/","Tema_",C$2,"/",PANEL_CONTROL!D$1,"/",PANEL_CONTROL!M13) -> audios/B2+/Unidad_05/Tema_02/Grammar/
